Start Time,Duration,Run ID,Name,Source Type,Source Name,User,Status,Actor,CountryOfOrigin,Director,Editor,Genre,Producer,Writer,activation_threshold,decay_factor,fromDecade,inLanguage,ndcg
2022-03-26 11:37:46,1.6min,433c93bd9233460b9f91250d413757de,,LOCAL,C:/Users/Jana/Documents/skola/recommender_systems/CB-recommender/training.py,Jana,FINISHED,0.6004978017534635,0.20268010378897172,0.16064829857018773,0.3037988197983017,0.12702544851692968,0.1440959770822658,0.30327128376232654,0.4278754691704289,0.15053580890815862,0.18523944042110657,0.6802521451870078,0.07521819050175957
2022-03-26 11:04:48,1.7min,4f004c49504b40bdb03489537d498017,,LOCAL,C:/Users/Jana/Documents/skola/recommender_systems/CB-recommender/training.py,Jana,FINISHED,0.381132846516131,0.29723648094387156,0.14821537605728397,0.18790570431433298,0.20469680401396914,0.4954633753502131,0.53443133925857,0.3856690044981226,0.09980462315038478,0.11786742220058805,0.5674147397187763,0.07290087478419073
2022-03-26 12:54:16,1.6min,a06fe58d5d884f97bd05fc1bec4043f8,,LOCAL,C:/Users/Jana/Documents/skola/recommender_systems/CB-recommender/training.py,Jana,FINISHED,0.7209399827478222,0.36396096617162854,0.2658209941865633,0.29267879297982946,0.24753349282724085,0.7133697079702195,0.6004378514981188,0.3186766893162625,0.06900647675689194,0.17976632943565718,0.6644275451483019,0.07114121091692141
2022-03-26 12:51:08,1.6min,89afa6c771774db38811b1fd3c72ed1e,,LOCAL,C:/Users/Jana/Documents/skola/recommender_systems/CB-recommender/training.py,Jana,FINISHED,0.7378323101829607,0.2973092904755511,0.27227228634178474,0.23910763671618163,0.24712725156425538,0.6497091000566759,0.5666750914429062,0.35164790062365014,0.06823375770230738,0.17810470522391203,0.6722022796923074,0.07109401677670414
2022-03-26 11:55:16,1.6min,feaeb57b1589494f8f596a8bb9ba3280,,LOCAL,C:/Users/Jana/Documents/skola/recommender_systems/CB-recommender/training.py,Jana,FINISHED,0.7361502234494219,0.2626137020615055,0.28477472945601534,0.20069242458798905,0.2520306213843564,0.6203710341143353,0.5722987578475002,0.3611613781065482,0.0661549120995182,0.16813747316689748,0.6724382767177173,0.06903969131647478
2022-03-26 12:12:09,1.6min,803d824c33a8467aaced8818b645f6b4,,LOCAL,C:/Users/Jana/Documents/skola/recommender_systems/CB-recommender/training.py,Jana,FINISHED,0.44490841748883636,0.3691612424533729,0.1638602497739051,0.19520122395535566,0.10272131759353147,0.49122286977440177,0.644272661661745,0.4401764834697027,0.1632776495523167,0.21190342291314826,0.20377492180464885,0.06892742998447653
2022-03-26 13:05:13,1.6min,671b62a1fe9e479e897fd057e045a151,,LOCAL,C:/Users/Jana/Documents/skola/recommender_systems/CB-recommender/training.py,Jana,FINISHED,0.6063448692377524,0.45825477404007425,0.4012051965761893,0.3308408877525521,0.15481472751659098,0.4901930227294603,0.630061056861163,0.34072129359842673,0.08128712939208899,0.34721897213728814,0.5944894604870514,0.06782260115184101
2022-03-26 12:32:48,1.6min,a52c3cee950a46429ff3010834594db1,,LOCAL,C:/Users/Jana/Documents/skola/recommender_systems/CB-recommender/training.py,Jana,FINISHED,0.5450564786965613,0.19338995749621118,0.17786360738395446,0.2400320646022422,0.18556124711395,0.509716799211572,0.40183847940507367,0.4265752685333921,0.10329608435179036,0.12133908308325812,0.5385400981845266,0.06702207839877275
2022-03-26 12:29:31,1.5min,06d3ef12372f4a418211fea4da1589e0,,LOCAL,C:/Users/Jana/Documents/skola/recommender_systems/CB-recommender/training.py,Jana,FINISHED,0.267693110833535,0.15063679204049568,0.25272765456370005,0.293207159387568,0.1249497779313729,0.3991433902687918,0.46578810669453585,0.6181436150280826,0.14145557501261025,0.3529171229437486,0.6052872122971614,0.06590508125219507
2022-03-26 11:36:12,1.6min,af39de17b5704fa89fc3d6e7f354ba3e,,LOCAL,C:/Users/Jana/Documents/skola/recommender_systems/CB-recommender/training.py,Jana,FINISHED,0.5949880314452802,0.21994947760503508,0.15857666000189588,0.3106385325676683,0.10549536715029488,0.1690990596257017,0.5369250218285417,0.4269811061228037,0.13954140167665946,0.1894211379218212,0.6571151836507203,0.06511054538466543
2022-03-26 11:53:36,1.7min,a0233a10033741f4bc88276134176c3c,,LOCAL,C:/Users/Jana/Documents/skola/recommender_systems/CB-recommender/training.py,Jana,FINISHED,0.6286299341442091,0.33386822214960526,0.2209815074106392,0.2796087246920972,0.31320390670516274,0.5836855936222615,0.6693194532744196,0.4858254651951099,0.11539166178426963,0.2463690640621087,0.6245156502382119,0.06391792416155273
2022-03-26 11:41:05,1.7min,528aceb4e8c9415aa16a82f3b904249d,,LOCAL,C:/Users/Jana/Documents/skola/recommender_systems/CB-recommender/training.py,Jana,FINISHED,0.5956038073579236,0.2575016047083539,0.30907616600125065,0.21529545897406613,0.18766710209354281,0.1899516287883921,0.31091513069510646,0.31287776459320343,0.1353897033339756,0.19203740863143215,0.6909124006479963,0.06375048293710392
2022-03-26 13:08:37,2.2min,f7feeb31110e4295acc141eadeee8a24,,LOCAL,C:/Users/Jana/Documents/skola/recommender_systems/CB-recommender/training.py,Jana,FINISHED,0.5766342054297178,0.3690632475391679,0.21239679983847823,0.21330309112410667,0.25862914094997574,0.4120439175715025,0.4795185359206653,0.4028902035295847,0.0725800092804494,0.10066587187290386,0.5467093919154858,0.06276692758198543
2022-03-26 12:15:28,1.6min,fc2c268282764edeb28d944d074b49ee,,LOCAL,C:/Users/Jana/Documents/skola/recommender_systems/CB-recommender/training.py,Jana,FINISHED,0.6263290992114965,0.1707422978961355,0.48043505702046274,0.3962666341102142,0.24027747323531948,0.545957829056349,0.38414901001472435,0.5562365527318731,0.08509905724793622,0.2683944758918879,0.5478164058505439,0.06236027939460313
2022-03-26 12:44:41,1.6min,3df0a75f31c149dfa9dec966deec326a,,LOCAL,C:/Users/Jana/Documents/skola/recommender_systems/CB-recommender/training.py,Jana,FINISHED,0.6185273238377781,0.3853020900446631,0.33151724161168294,0.21055928310815664,0.1976789820876515,0.4431810999823803,0.7043990806249789,0.44826050588475475,0.08562957726863,0.2848232588532652,0.4884653579371555,0.062357245781723025
2022-03-25 16:31:27,1.6min,2aad0971d267459b8cbc5e618edec9a3,,LOCAL,C:/Users/Jana/Documents/skola/recommender_systems/CB-recommender/training.py,Jana,FINISHED,0.2874795113691516,0.7180311226016451,0.1464575511712295,0.30166430284572754,0.488309903539311,0.38149987963718607,0.6119754466333914,0.4251897147976716,0.06672218543662864,0.4189783901029771,0.48414825831514907,0.062038771295270315
2022-03-26 11:18:20,1.5min,75136ee0e00a45a080bcddc8ececd772,,LOCAL,C:/Users/Jana/Documents/skola/recommender_systems/CB-recommender/training.py,Jana,FINISHED,0.1823440957040232,0.3388606269755557,0.14128278812189718,0.4957495335487768,0.17216333042869011,0.461919383801905,0.619766284071094,0.6444801481003903,0.029869496593413772,0.3632995354633123,0.4402592579160186,0.060245398599989106
2022-03-26 12:08:49,1.6min,fc27481ddaaa4f8396f40969be744da8,,LOCAL,C:/Users/Jana/Documents/skola/recommender_systems/CB-recommender/training.py,Jana,FINISHED,0.3566518089295792,0.20896010862849068,0.26061784003691757,0.4104889281503771,0.3165846325610666,0.7295273471954592,0.719873907792848,0.5296850775203225,0.10904351182101936,0.13589572381068676,0.606216997137083,0.059901074395852925
2022-03-26 12:47:58,1.5min,1f88619faebf4e98b7c9e206c28c307d,,LOCAL,C:/Users/Jana/Documents/skola/recommender_systems/CB-recommender/training.py,Jana,FINISHED,0.7974967256535551,0.11735510458656338,0.11441392978808823,0.3456582140078348,0.15731748852474933,0.2100348000302103,0.3014592539941446,0.4816339103056119,0.0777153111150599,0.19712755380740316,0.6214031210331816,0.058637518380760444
2022-03-25 16:36:56,1.6min,85ce85e99658427eb73fc325619f380e,,LOCAL,C:/Users/Jana/Documents/skola/recommender_systems/CB-recommender/training.py,Jana,FINISHED,0.10263722842556933,0.6072652454029076,0.1638573262384292,0.30914031526093166,0.6222838363512514,0.20945193914969015,0.5462339687524393,0.39817118629523685,0.05139163688769725,0.6379967121150167,0.5998899160777642,0.05790399405759755
2022-03-26 12:00:35,1.6min,eee38f4fd6ee482f96c695913fb3185d,,LOCAL,C:/Users/Jana/Documents/skola/recommender_systems/CB-recommender/training.py,Jana,FINISHED,0.39035023832222093,0.1011878077408324,0.23587314196890768,0.27254122532825825,0.197337746011652,0.13774205352380267,0.5001549102566885,0.4522007537937366,0.09677024427027091,0.33795663288125916,0.6086486330210112,0.05777082715612778
2022-03-26 13:00:30,1.5min,008c35a48a1b4fbe9437a01784eb5ea7,,LOCAL,C:/Users/Jana/Documents/skola/recommender_systems/CB-recommender/training.py,Jana,FINISHED,0.599602758881619,0.2169369034964216,0.14708898224678713,0.31961899801660193,0.22301055713171355,0.6961978462343708,0.5092095881064705,0.3766995092490468,0.06445389845019653,0.22694678187804077,0.6152703132347084,0.0577595649691387
2022-03-25 16:38:31,1.7min,19057316ef6f4c89b498798822b52ae5,,LOCAL,C:/Users/Jana/Documents/skola/recommender_systems/CB-recommender/training.py,Jana,FINISHED,0.10237835210260934,0.7739261483349537,0.1028211110670985,0.1548144314565131,0.7064615646498128,0.20611896364630208,0.5198695542583712,0.47998426821293705,0.05509188172123448,0.616430446326008,0.6254563065286957,0.05750815765821132
2022-03-26 12:34:22,1.5min,2e57ee94ccd343dcb61b242baa5c5188,,LOCAL,C:/Users/Jana/Documents/skola/recommender_systems/CB-recommender/training.py,Jana,FINISHED,0.2022014164316938,0.3969146441392815,0.12677448986382003,0.3057337003483778,0.225150712453619,0.7831664249251515,0.5555878275103672,0.6776286315009635,0.05563257731412248,0.27171280330917763,0.31267075401058164,0.0572860048444991
2022-03-26 12:17:05,1.6min,b8925cc18bdc41d7bb4da22bfe5606f2,,LOCAL,C:/Users/Jana/Documents/skola/recommender_systems/CB-recommender/training.py,Jana,FINISHED,0.5433942547123711,0.544834287925221,0.09788841908200563,0.35923768108877857,0.4383368208233511,0.6657938264808011,0.3444954152608629,0.5927125548242795,0.07190510739001015,0.38632678904137546,0.4995509023696985,0.05719300194766459
2022-03-26 12:52:45,1.5min,d40231fb98d44468baa9746f1a127da7,,LOCAL,C:/Users/Jana/Documents/skola/recommender_systems/CB-recommender/training.py,Jana,FINISHED,0.7642420755575277,0.19593655163219303,0.19917827561158352,0.23819318218822502,0.20613327096993195,0.6669528330793422,0.5532992421024331,0.35662088003792203,0.04269400455523291,0.13212561676006507,0.6800918796040434,0.05717705408064193
2022-03-25 15:00:19,2.0min,081315238d6e4b73a5309cba2ef3c5f7,,LOCAL,C:/Users/Jana/Documents/skola/recommender_systems/CB-recommender/training.py,Jana,FINISHED,0.48033708018030663,0.23883913886603486,0.738452411281259,0.33703045536085297,0.4076647301528619,0.5792781861841925,0.7943372023243259,0.21558180439912997,0.13629921128236624,0.20893401344670248,0.2770745432859203,0.05676979351757137
2022-03-25 17:23:52,1.6min,0dc46a83618d4da085988fe14536c67e,,LOCAL,C:/Users/Jana/Documents/skola/recommender_systems/CB-recommender/training.py,Jana,FINISHED,0.17828511416327705,0.7713597564044713,0.39752852832527424,0.2438012015750619,0.4774469058700811,0.45381071157275804,0.3643736889807434,0.4037276101424754,0.06518963880279421,0.496117048065456,0.6465859293476343,0.05667860911142941
2022-03-25 14:53:40,1.6min,5a398bf1bff94368a6e6faf7cf484f7f,,LOCAL,C:/Users/Jana/Documents/skola/recommender_systems/CB-recommender/training.py,Jana,FINISHED,0.7292493297853107,0.32324125447798313,0.36883148494165774,0.28760476514803623,0.24330623878732716,0.5265852626114089,0.7440780638970547,0.25239861289841764,0.0755876401623411,0.17792745628242487,0.2644612059543592,0.05637377979612675
2022-03-25 14:56:53,1.7min,60e58b2abac1472caae18c2017fc8ec0,,LOCAL,C:/Users/Jana/Documents/skola/recommender_systems/CB-recommender/training.py,Jana,FINISHED,0.617081920612688,0.7941507866404994,0.13333239342728542,0.11401240539317616,0.45751461167262986,0.5711091611913941,0.5599588123029476,0.34061373106556747,0.05809415730486081,0.2648462327551123,0.4620626887674388,0.056089687114436994
2022-03-26 11:22:56,1.5min,e33fbb0595744696a023e02652d1d828,,LOCAL,C:/Users/Jana/Documents/skola/recommender_systems/CB-recommender/training.py,Jana,FINISHED,0.28065483827046284,0.28190346774764824,0.3600616259789455,0.4696994342186559,0.26692758105829517,0.6968785342813998,0.7449786741664728,0.31970350022289207,0.03217517287075597,0.6178302927134278,0.3206572203207697,0.05588343420837161
2022-03-26 11:13:16,1.8min,c701390d872d42dfb1c2f7f0db45e4c9,,LOCAL,C:/Users/Jana/Documents/skola/recommender_systems/CB-recommender/training.py,Jana,FINISHED,0.675863181975034,0.12974822943709058,0.2505060217986645,0.37842240178375086,0.38156065028049935,0.6815630377364497,0.6228638582920343,0.6916014878567392,0.12145650784628073,0.12330595487504077,0.41573677941506815,0.05552741365050033
2022-03-26 12:58:59,1.5min,e616a602d9cb4049843c34cc6592f27c,,LOCAL,C:/Users/Jana/Documents/skola/recommender_systems/CB-recommender/training.py,Jana,FINISHED,0.4793379427585467,0.3153169837963523,0.35513892651488843,0.28946537600635514,0.29701816709064444,0.5611057349342319,0.7217382259368067,0.3962055091342158,0.038866473587777395,0.1081943326245692,0.6974546428056354,0.05513841548907157
2022-03-26 11:24:29,1.6min,09ccb4b58fcc40d3ade9eb80a8f08976,,LOCAL,C:/Users/Jana/Documents/skola/recommender_systems/CB-recommender/training.py,Jana,FINISHED,0.7046031713711828,0.47359840152943644,0.42641273920074724,0.41919166438670863,0.33368889524222056,0.45731680232941174,0.7858023876839728,0.6169542434678882,0.07487404942942799,0.37375082539016247,0.554387401600144,0.05505164473730858
2022-03-25 14:55:16,1.6min,ad379f82700f4c1cad8104fd9634d82a,,LOCAL,C:/Users/Jana/Documents/skola/recommender_systems/CB-recommender/training.py,Jana,FINISHED,0.5989073693846987,0.7981857992212824,0.1729827799745979,0.12669729510470054,0.4774347632915937,0.5711788196472767,0.1399402236700507,0.36569759679976255,0.05317967688431385,0.27074922667165696,0.4630600180060467,0.0548023550381022
2022-03-26 12:31:03,1.7min,8ed5a68ba3c848b9b36bbc7e2ce14964,,LOCAL,C:/Users/Jana/Documents/skola/recommender_systems/CB-recommender/training.py,Jana,FINISHED,0.10015238947556782,0.23464034170058765,0.20158743649163266,0.16207556303022091,0.3084565880042053,0.6177478720520793,0.32006386847555957,0.39617569944630165,0.1817654524891016,0.1574579702606675,0.6980709376482259,0.05426043020926271
2022-03-25 15:14:16,1.6min,491e54a13c894b47bafbc9a28aeb50fc,,LOCAL,C:/Users/Jana/Documents/skola/recommender_systems/CB-recommender/training.py,Jana,FINISHED,0.3534823565911186,0.17302973739118463,0.4121044989590158,0.3576194769956453,0.2674319566911022,0.7766302547330862,0.7900867044506108,0.14898025962920486,0.05260683429002727,0.21504319319223444,0.4147126478678531,0.05321754143277464
2022-03-25 17:04:24,1.7min,42d4b0dc336647c6b47f93a5b90409b9,,LOCAL,C:/Users/Jana/Documents/skola/recommender_systems/CB-recommender/training.py,Jana,FINISHED,0.1083677743790899,0.7817930975721473,0.10387253649674377,0.14826480075654727,0.752991265805046,0.21249953531988405,0.5307156521400396,0.4855555687424702,0.05030119138334016,0.6263193878916355,0.620695564019926,0.0528934488043827
2022-03-26 11:21:18,1.6min,f18b9da41bd5415f831b66a1c758eda0,,LOCAL,C:/Users/Jana/Documents/skola/recommender_systems/CB-recommender/training.py,Jana,FINISHED,0.3472490715647434,0.772618612563162,0.11313642391468445,0.3839257799661224,0.47818260407034185,0.7654585940882412,0.6046215676278217,0.6691787690681779,0.10035960235336333,0.24253075334424187,0.4795726035068336,0.052500276665812515
2022-03-26 11:26:03,1.5min,80ef1ea021a64469826ce7bf163811cb,,LOCAL,C:/Users/Jana/Documents/skola/recommender_systems/CB-recommender/training.py,Jana,FINISHED,0.5254791043018266,0.1301173131126521,0.18719243546191489,0.14761173409158884,0.2358809378419299,0.6617140072231743,0.7460214694909771,0.5619878706043155,0.032564176441223947,0.5967670364187638,0.4570149936656508,0.051507506560941385
2022-03-26 12:03:54,1.7min,3c564ed2bae944cb888daf4d30e09f97,,LOCAL,C:/Users/Jana/Documents/skola/recommender_systems/CB-recommender/training.py,Jana,FINISHED,0.5785588334089171,0.1445577388563881,0.13772070764883187,0.2267777045860256,0.3447165004272113,0.7961701718911203,0.6525104635739952,0.40339717688029875,0.11693100964570263,0.10253280231217143,0.6513837272845474,0.05106560128402228
2022-03-26 11:11:38,1.6min,6200891a9d8c47aa979c2cfd0ce918a2,,LOCAL,C:/Users/Jana/Documents/skola/recommender_systems/CB-recommender/training.py,Jana,FINISHED,0.4503055579345988,0.6816619965558338,0.17621190449369967,0.2518993297004964,0.46748688387757775,0.47753179165812587,0.3499111353943014,0.6441498179971639,0.06095722851456535,0.6412730552796984,0.48981906431858924,0.050904165055961556
2022-03-25 15:08:57,1.7min,74e96fd621f2448b893af1633e1cd176,,LOCAL,C:/Users/Jana/Documents/skola/recommender_systems/CB-recommender/training.py,Jana,FINISHED,0.3976999586811993,0.22571451036707796,0.23662533272680394,0.38148157574562813,0.10051675803656801,0.6077362014340076,0.7940550696882365,0.18709173548017383,0.12703881933228495,0.19675366141780543,0.32180210012136723,0.05039434903889008
2022-03-26 13:03:40,1.5min,c1c0b272769f48f486f9ab520e065fc5,,LOCAL,C:/Users/Jana/Documents/skola/recommender_systems/CB-recommender/training.py,Jana,FINISHED,0.4024406011720616,0.15591760100886196,0.33701165480992196,0.16827867721535927,0.11884033592500723,0.7667352591342289,0.6896584949181493,0.4088035811271617,0.06052893806822236,0.2010077508473737,0.6336931742935195,0.0503183538984918
2022-03-26 13:02:03,1.6min,c12b7d409dbe4f1eb5d00e5d3740a6b1,,LOCAL,C:/Users/Jana/Documents/skola/recommender_systems/CB-recommender/training.py,Jana,FINISHED,0.6384281187997717,0.5325268565137324,0.299546925607511,0.366253712627733,0.3601048557097993,0.5329397350730087,0.6619478936162727,0.3003062989333998,0.05165771758629619,0.24856261564163462,0.5306631072595196,0.05025011822489187
2022-03-26 11:47:45,1.7min,0542226c1f3f4d1e83d016085a998645,,LOCAL,C:/Users/Jana/Documents/skola/recommender_systems/CB-recommender/training.py,Jana,FINISHED,0.5429024560250316,0.29268773392301023,0.15027377609986703,0.33198126365575864,0.41368755165539894,0.40654708242526005,0.4613576439199974,0.4920587512085941,0.10486777050075131,0.14389784256127564,0.5908441843125354,0.050128406140196535
2022-03-26 11:42:46,1.6min,5784371be6fd4e04b6d2bd3fbe89c9fb,,LOCAL,C:/Users/Jana/Documents/skola/recommender_systems/CB-recommender/training.py,Jana,FINISHED,0.5769564158585013,0.4034131407800523,0.0846564788534525,0.33262618093729457,0.10839610916153374,0.5754993177822194,0.700600027159648,0.435011964218568,0.19854194961092742,0.18637267248639927,0.6289503221157403,0.04921853922727064
2022-03-26 12:07:15,1.6min,e689da523cc54c0b8b762a64e5dc6bad,,LOCAL,C:/Users/Jana/Documents/skola/recommender_systems/CB-recommender/training.py,Jana,FINISHED,0.4010841982891865,0.6616797838667962,0.3880542223715207,0.17726980281984045,0.14695161073847524,0.2545475185907495,0.4349214141962803,0.3483096193089302,0.0925712677609535,0.5007246688587128,0.5190190324925373,0.04800142826962004
2022-03-26 11:15:03,1.7min,7046222e19594eeab0ccdf5b9448ad5d,,LOCAL,C:/Users/Jana/Documents/skola/recommender_systems/CB-recommender/training.py,Jana,FINISHED,0.3759250586556341,0.5710214495591209,0.06260141230254847,0.38714654558890316,0.3649019171125938,0.7542523920493641,0.8440144822047975,0.464122686557534,0.09029264039044686,0.5249845824250935,0.35916046376596344,0.0470616066903914
2022-03-26 12:57:21,1.6min,9d3ba851ca4641a3a1f5001203b22254,,LOCAL,C:/Users/Jana/Documents/skola/recommender_systems/CB-recommender/training.py,Jana,FINISHED,0.6823850818652157,0.42122463266351484,0.1847948535884075,0.39950669480720363,0.3256337508640539,0.7193924460982507,0.5994853452394049,0.3248856427015486,0.10068758898578328,0.14954893647094405,0.6602723999033577,0.046876554241170286
2022-03-26 11:31:29,1.6min,d51dd021a08a4cf782fdda61c4036e64,,LOCAL,C:/Users/Jana/Documents/skola/recommender_systems/CB-recommender/training.py,Jana,FINISHED,0.43143095197419856,0.5866865542932114,0.452524457860583,0.496957207620914,0.4409744526554512,0.5916385611889955,0.6088655396881306,0.5321033487965332,0.058435686101652964,0.30376889824016723,0.4336299965036041,0.0468056462585552
2022-03-26 13:06:47,1.8min,34e70e7eeff74ea0b350b5667314d7ea,,LOCAL,C:/Users/Jana/Documents/skola/recommender_systems/CB-recommender/training.py,Jana,FINISHED,0.3469057512976976,0.5965633753794514,0.2292796816748821,0.27726771453028115,0.41636898696740804,0.39126985388032376,0.8125530710268161,0.38535355712332486,0.08846676512433632,0.2906350106810457,0.576220373063794,0.04658323976980142
2022-03-26 12:05:34,1.7min,baa059e22d994229a31bfb4664a313f6,,LOCAL,C:/Users/Jana/Documents/skola/recommender_systems/CB-recommender/training.py,Jana,FINISHED,0.7252220695878214,0.5152994833920908,0.05036418728009402,0.12083106807355842,0.5877906970965111,0.3363821483980701,0.49799929194328635,0.369977145322243,0.08013108783109008,0.26188785755208216,0.6887481335914357,0.046488003528975065
2022-03-25 17:42:49,1.9min,3dcafc9235a048f2bc27b76eaf344b6a,,LOCAL,C:/Users/Jana/Documents/skola/recommender_systems/CB-recommender/training.py,Jana,FINISHED,0.2877363243583282,0.5954766184191609,0.30401178551245406,0.5332851762003583,0.5958153078346224,0.3434131069637011,0.4202505166128233,0.47070841428624255,0.05146578139813182,0.7470965930214418,0.5017413476075152,0.04642136302931788
2022-03-26 12:18:39,1.5min,2132bf0aa5d148d6888649be7b337ecd,,LOCAL,C:/Users/Jana/Documents/skola/recommender_systems/CB-recommender/training.py,Jana,FINISHED,0.24403281891786235,0.6155048465160102,0.13123376841257106,0.15908512467929645,0.2861817542771138,0.6340569806674292,0.5286334016160568,0.5090945848037736,0.049254259031021916,0.12074567293667442,0.35934247978230216,0.04640528899564712
2022-03-25 15:10:39,2.0min,a3d1aeff800a4460a8bec11db8668a04,,LOCAL,C:/Users/Jana/Documents/skola/recommender_systems/CB-recommender/training.py,Jana,FINISHED,0.45852193666139884,0.2957117094377074,0.2798174004193266,0.19595008481821843,0.5320086660889245,0.32440334217862976,0.16477775295261948,0.23325869518944767,0.15532460176722265,0.14903080840511337,0.16034949265886533,0.04615481355904295
2022-03-26 12:02:12,1.7min,731048034ce1426d8fd06215d012551e,,LOCAL,C:/Users/Jana/Documents/skola/recommender_systems/CB-recommender/training.py,Jana,FINISHED,0.4697481066669182,0.3574586757561817,0.08185317339376628,0.4585600412196308,0.4058670465331773,0.42291584987385,0.386504932384508,0.47713671527603135,0.12792674392444642,0.22024796498613652,0.5032173472244551,0.04611075363845676
2022-03-26 11:27:33,1.7min,347975c75d6f47418c5a77a23690dcaa,,LOCAL,C:/Users/Jana/Documents/skola/recommender_systems/CB-recommender/training.py,Jana,FINISHED,0.2489908195973222,0.47741344109138717,0.11826190998979308,0.17967387555688058,0.28181848916248453,0.3196425453569326,0.3751102664021059,0.39215331984422697,0.18026280570396852,0.2321406680295599,0.5550731085546048,0.04529220991356846
2022-03-26 12:26:12,1.6min,60bd0fc2693a4a63a684eabcd2180d80,,LOCAL,C:/Users/Jana/Documents/skola/recommender_systems/CB-recommender/training.py,Jana,FINISHED,0.32341631391775144,0.11890498545801162,0.3730921441007699,0.43415112888439467,0.2661389730232125,0.47103522384620583,0.7418910999852062,0.546478406962757,0.11135526078232896,0.5603807622813807,0.4622866052286265,0.045221423417406266
2022-03-25 17:41:04,1.8min,325cca3d03994464927fd6c5477f0611,,LOCAL,C:/Users/Jana/Documents/skola/recommender_systems/CB-recommender/training.py,Jana,FINISHED,0.2654285579458798,0.7020446102965681,0.3468580574120301,0.10008756943434804,0.464742548532181,0.1992874619573242,0.4580391309630538,0.49038689077531555,0.18092457451094035,0.26263118852107437,0.6712417883033518,0.04500301731741198
2022-03-25 14:41:54,1.7min,2b2d3249f84c43d180d77b740f75aee7,,LOCAL,C:/Users/Jana/Documents/skola/recommender_systems/CB-recommender/training.py,Jana,FINISHED,0.22689121912419327,0.645769510844328,0.20068321534148043,0.14804547664174628,0.6388811760990717,0.7152378825272298,0.3518207593656849,0.46118603454621204,0.09221061337160286,0.3764831913389962,0.602232005415671,0.0449812795175877
2022-03-25 11:34:06,1.8min,d09f109c24ca4e6c86126c1dddb669ec,,LOCAL,C:/Users/Jana/Documents/skola/recommender_systems/CB-recommender/training.py,Jana,FINISHED,0.24996440695742428,0.7990681345843337,0.4198367065598718,0.4317434958633559,0.49477606660192563,0.49470406306574666,0.47015748708533633,0.2944593551202554,0.09932315434038766,0.30430664177969324,0.7200050523055139,0.044943389783532885
2022-03-25 18:02:52,2.3min,19285d9d126840d3b8cfe543a0ed1a2d,,LOCAL,C:/Users/Jana/Documents/skola/recommender_systems/CB-recommender/training.py,Jana,FINISHED,0.11320458898643815,0.640014945385122,0.19746430826531414,0.32957656324972673,0.6237121676727015,0.23587910125863396,0.783286057471916,0.3729050069676948,0.20868474224885555,0.30884451079264724,0.545477693241605,0.04459615596233131
2022-03-25 14:23:40,1.7min,8337c2103ee149d3b51141cccb957f69,,LOCAL,C:/Users/Jana/Documents/skola/recommender_systems/CB-recommender/training.py,Jana,FINISHED,0.7161991398469827,0.27727912260718846,0.537107660582261,0.45972190613114594,0.2968667132325634,0.11970836644010338,0.42141230728145884,0.3954831268853379,0.17979431283088354,0.16196422096829075,0.608227932914323,0.044495534316536044
2022-03-25 15:36:05,2.8min,990a4744cd9c4209b85f7e3c50fbd645,,LOCAL,C:/Users/Jana/Documents/skola/recommender_systems/CB-recommender/training.py,Jana,FINISHED,0.33798003121874226,0.14394093880794848,0.4862981384122257,0.3627772432779206,0.1730305342369663,0.6544423858797667,0.6414313533533995,0.09602618386023087,0.14269570057675673,0.14432044257957327,0.2538531385653259,0.044334554681796645
2022-03-26 12:35:51,1.8min,fec3c6cb3d234296ab8815ffe7ba607e,,LOCAL,C:/Users/Jana/Documents/skola/recommender_systems/CB-recommender/training.py,Jana,FINISHED,0.4597727870512979,0.44327839662928237,0.28257036733389274,0.48068016873744424,0.7866296742146348,0.45638009676817926,0.3592654446105155,0.507293746130061,0.1917530451109619,0.17268668619693817,0.2406538714010701,0.04406204804981197
2022-03-26 11:39:23,1.7min,102a7d07fd6548aca5f9873d8f2d949e,,LOCAL,C:/Users/Jana/Documents/skola/recommender_systems/CB-recommender/training.py,Jana,FINISHED,0.777901933425855,0.1713434099092326,0.05334471264021565,0.25014081655009346,0.16129675623067888,0.10455923224580986,0.30679053904167075,0.3558728709887329,0.1670280808437433,0.10546398631702898,0.625513377952672,0.043954614780574684
2022-03-25 11:11:56,1.7min,3dc4285e0f2b4c0387765461c233d566,,LOCAL,C:/Users/Jana/Documents/skola/recommender_systems/CB-recommender/training.py,Jana,FINISHED,0.2181625633655171,0.22142656321687415,0.32104538797407056,0.49496240738117325,0.5082676932500149,0.6980651116408804,0.1810450497428544,0.4490814950428482,0.1545534118950091,0.2539911163696259,0.6278001933771243,0.04386838762787073
2022-03-26 11:49:26,2.4min,b986fbcde3de42c9b6a0f0ecdaea0ebe,,LOCAL,C:/Users/Jana/Documents/skola/recommender_systems/CB-recommender/training.py,Jana,FINISHED,0.30178286084307737,0.19511868230054896,0.21132263106434948,0.1077236325418114,0.7756218529450908,0.5043766011847907,0.35335967191115975,0.3005584375205155,0.17484960819443562,0.10074153539165458,0.5358166616345811,0.04346313150031486
2022-03-26 11:56:52,1.5min,3706135fc0014f3b8d0db315899f28e3,,LOCAL,C:/Users/Jana/Documents/skola/recommender_systems/CB-recommender/training.py,Jana,FINISHED,0.5184092024909132,0.30449151821494874,0.3349914400013195,0.3223292251732185,0.14002080155793273,0.3356775183652698,0.8988228593645885,0.384706582755768,0.047110258198922964,0.3129484449383354,0.38532757999233114,0.043171970248727855
2022-03-26 12:55:52,1.5min,84782a1fd6a84461a09b416d47207195,,LOCAL,C:/Users/Jana/Documents/skola/recommender_systems/CB-recommender/training.py,Jana,FINISHED,0.7107733172756326,0.3568688777561743,0.24936241816002747,0.34056429587679576,0.18063872258626124,0.7535047711885906,0.6743927043027995,0.31129549124714584,0.020237211937218363,0.31707526105977657,0.590869689346438,0.04292365736116015
2022-03-26 11:19:50,1.5min,acb8f0e9048a444d85e8e7acc1e88524,,LOCAL,C:/Users/Jana/Documents/skola/recommender_systems/CB-recommender/training.py,Jana,FINISHED,0.6890457562772287,0.733158392289283,0.11032923132442607,0.17495354173465652,0.28992527579826766,0.5316993974425824,0.856355708250732,0.5271239450248084,0.029443749543537213,0.28356069318213084,0.30166476884442,0.042755036148530455
2022-03-25 13:26:00,1.8min,f58997ddaf414224980a5b4866a4ccbe,,LOCAL,C:/Users/Jana/Documents/skola/recommender_systems/CB-recommender/training.py,Jana,FINISHED,0.5813026765251875,0.7436154511181415,0.34743471961515193,0.751895709132099,0.6769580122916482,0.14735652467953977,0.2962474812112855,0.26131010647968284,0.09054389398629381,0.2450884155168121,0.3724535394203071,0.04274521044817478
2022-03-25 15:40:36,1.7min,4c49349a4bc34db1a004ac712b4ed4c9,,LOCAL,C:/Users/Jana/Documents/skola/recommender_systems/CB-recommender/training.py,Jana,FINISHED,0.7413126067796002,0.3481809789502395,0.3394993565184538,0.5969122813962967,0.218812123760253,0.4152206343675297,0.5796970032431319,0.40565459355134104,0.18081732600350242,0.17570758632351913,0.39716533822624556,0.04233386795069068
2022-03-25 15:38:53,1.7min,4f1e3639742e42528a7232c060f08809,,LOCAL,C:/Users/Jana/Documents/skola/recommender_systems/CB-recommender/training.py,Jana,FINISHED,0.42243015003337736,0.4444702915213527,0.6141000083222294,0.4334055734547656,0.3334873273670652,0.49170795611254703,0.44941672979021907,0.29476286510683963,0.07768845055360014,0.23524892958176877,0.2976632107146819,0.04214925805364748
2022-03-26 12:46:19,1.6min,780e1329de194dbaa037bd11d7e43348,,LOCAL,C:/Users/Jana/Documents/skola/recommender_systems/CB-recommender/training.py,Jana,FINISHED,0.6598946322607806,0.48495096513012614,0.16501901896096266,0.3184523502280744,0.26914202467155135,0.5735940429476211,0.4692177470521989,0.4280605444854651,0.12264407108455719,0.48506029690484515,0.5614528352070688,0.041825624305287815
2022-03-26 11:44:23,1.7min,2a021a43d32e4735b04bb3baf381af41,,LOCAL,C:/Users/Jana/Documents/skola/recommender_systems/CB-recommender/training.py,Jana,FINISHED,0.7848184678902673,0.17367191813055047,0.1888679881426265,0.2547829037228852,0.21767904787314027,0.12958831064271656,0.41593498109195326,0.3859307539535864,0.1557133954179221,0.294811540744036,0.5683694151685503,0.04165795520816309
2022-03-26 11:03:09,1.7min,cb7f5cb6f0bd469da14f4fd73632779f,,LOCAL,C:/Users/Jana/Documents/skola/recommender_systems/CB-recommender/training.py,Jana,FINISHED,0.12286906642392448,0.37079730418711854,0.40126404676216865,0.11023389274712084,0.5680767295139745,0.6373973340961645,0.4070950267896407,0.37042609302487584,0.07838733718684139,0.3674810737974419,0.4836639229327865,0.04156103656326969
2022-03-26 12:43:03,1.6min,d11790b894ba4742a04d124657ccd6c0,,LOCAL,C:/Users/Jana/Documents/skola/recommender_systems/CB-recommender/training.py,Jana,FINISHED,0.5009022618503101,0.695952831766706,0.07618226746591886,0.26265809804326984,0.3446022875487138,0.3535098070030599,0.6198341941536054,0.4932116927996379,0.134806043220789,0.24962363811563837,0.3484872326249915,0.04117886851653209
2022-03-26 12:41:23,1.7min,ecc3e3700f4346f19a50ea3c87efd479,,LOCAL,C:/Users/Jana/Documents/skola/recommender_systems/CB-recommender/training.py,Jana,FINISHED,0.1573489271137002,0.5079298091576405,0.42346095637301573,0.14385086168508393,0.4526959155716955,0.16761604434041225,0.5876700009520337,0.36682979947061856,0.09494452099160444,0.5262855846559243,0.6436596306505984,0.04111507631795673
2022-03-25 17:46:29,1.9min,0e1b1e621ec0430cb2960f0810b3d880,,LOCAL,C:/Users/Jana/Documents/skola/recommender_systems/CB-recommender/training.py,Jana,FINISHED,0.35717912587677103,0.6239709778533806,0.526821342101711,0.44423520955461493,0.4902058433031968,0.16942048651473166,0.6641688564905246,0.3890256687554001,0.14236031032359198,0.3305303915398774,0.59700794473829,0.04099182536747699
2022-03-25 17:09:24,1.6min,862c857a64244023ac7b411040ae6305,,LOCAL,C:/Users/Jana/Documents/skola/recommender_systems/CB-recommender/training.py,Jana,FINISHED,0.2374820260190606,0.7477036635394064,0.14594745962528208,0.20466907425240874,0.5185303084427741,0.10492569782229474,0.4708599781962904,0.3257227991800985,0.07521584889039903,0.5541850146750371,0.5373894409716309,0.040958515128806196
2022-03-26 11:33:05,1.4min,70e438d031d84d8aa6aaa3976c67c45d,,LOCAL,C:/Users/Jana/Documents/skola/recommender_systems/CB-recommender/training.py,Jana,FINISHED,0.1862288080684536,0.7562457695285456,0.1226706129083289,0.415273057951953,0.6656114215884715,0.381448284455154,0.8207238192728712,0.5109893346561242,0.011395727562715426,0.5863396063738859,0.2580553688886537,0.04091403779892577
2022-03-25 17:20:09,1.7min,d1118f33ee4c49cea1a2534ea4d745f4,,LOCAL,C:/Users/Jana/Documents/skola/recommender_systems/CB-recommender/training.py,Jana,FINISHED,0.2787423501957715,0.6935655278433512,0.103670933694735,0.21579676296011555,0.5916428470167646,0.49580110989479387,0.407097148271919,0.34772192158065135,0.08633410990717609,0.4015276313478442,0.7409269375006949,0.040620885692163614
2022-03-26 10:35:32,1.6min,8be0bb7c6f0f4c508f2d12dc07e9178e,,LOCAL,C:/Users/Jana/Documents/skola/recommender_systems/CB-recommender/training.py,Jana,FINISHED,0.4549123499963187,0.18490846374753594,0.38992622960852574,0.7109449391029575,0.14831764947224574,0.7845117882838154,0.23505970102812204,0.251701228074224,0.14150419220126959,0.38746874270712395,0.436140548632057,0.040171857046980584
2022-03-26 11:46:06,1.7min,db187dd9cb044be69953a1ffb65cce61,,LOCAL,C:/Users/Jana/Documents/skola/recommender_systems/CB-recommender/training.py,Jana,FINISHED,0.6511478048731756,0.10127024099226264,0.26459686492659606,0.28572804111782557,0.135005886147642,0.2075062204272696,0.5547395351009117,0.4092196865916138,0.12756580172574344,0.42460219988149833,0.6553481758888585,0.040087268264944576
2022-03-25 17:48:23,1.7min,da17d3679fff4627b91aadc3d3f8f5bb,,LOCAL,C:/Users/Jana/Documents/skola/recommender_systems/CB-recommender/training.py,Jana,FINISHED,0.19933368284289343,0.5423042512683749,0.22877791252870527,0.30172203481000415,0.5768090830084449,0.3937009068084959,0.5169798001691407,0.4092858236504533,0.08519278073023767,0.594629163755853,0.6980681639648423,0.039772626303980395
2022-03-26 12:10:27,1.7min,a5ff018c485a4c12a34ad4cf61f7a705,,LOCAL,C:/Users/Jana/Documents/skola/recommender_systems/CB-recommender/training.py,Jana,FINISHED,0.1583214002062734,0.24487843474831483,0.197050686289134,0.3576078106239411,0.5010046956042064,0.43110805582787265,0.5831747522463554,0.46515313805087183,0.1484608281317007,0.16105690202903036,0.47518959724332804,0.039504149992008825
2022-03-25 16:40:11,1.7min,22dbd19af73e44d883a45863c84e7c25,,LOCAL,C:/Users/Jana/Documents/skola/recommender_systems/CB-recommender/training.py,Jana,FINISHED,0.17919340453791005,0.6037953878673983,0.159334642649541,0.31364704547656846,0.6752967168662041,0.24177775409954352,0.534983813420649,0.4122274244611633,0.0660830573915417,0.7655543763132506,0.7899080823397793,0.039398959376155604
2022-03-25 11:10:14,1.7min,6eb8cebdede844f3854ba239e2523c6f,,LOCAL,C:/Users/Jana/Documents/skola/recommender_systems/CB-recommender/training.py,Jana,FINISHED,0.4511591301723141,0.21609949146213292,0.569709807787828,0.5575874355433316,0.5993968816378089,0.4121978366421296,0.5841102531326855,0.43448178265232223,0.08104607927119377,0.6965559120153421,0.7296277360435401,0.03936889766589831
2022-03-25 18:01:14,1.6min,1166556653ee4eca96219ed7ba6485cf,,LOCAL,C:/Users/Jana/Documents/skola/recommender_systems/CB-recommender/training.py,Jana,FINISHED,0.5444564842920823,0.7780104490040809,0.11325245936062298,0.5096868545753703,0.6863722040056015,0.3681881624322315,0.349361416329599,0.31047105952137427,0.06213470748196272,0.40133608370324153,0.5638533704197258,0.038684617212358774
2022-03-26 12:13:46,1.7min,d804306e590f41a0ba3c9a03ca7dfd03,,LOCAL,C:/Users/Jana/Documents/skola/recommender_systems/CB-recommender/training.py,Jana,FINISHED,0.30027349910490153,0.3140728202215511,0.23347899944500564,0.24837771597835467,0.3956901290408146,0.3581506188006135,0.4854721847131459,0.4176940022662965,0.13054348473347493,0.329775781986564,0.4113031261496584,0.038665680579620575
2022-03-25 15:02:18,1.9min,78ee3c4c9fff4e90b4f5c6f1d039c1d2,,LOCAL,C:/Users/Jana/Documents/skola/recommender_systems/CB-recommender/training.py,Jana,FINISHED,0.5164618667177401,0.24118094965543246,0.7411695961126683,0.34137754902390827,0.4084611741456673,0.6345067761372282,0.6214706163574488,0.203983756862085,0.12111390613734727,0.1827662502942813,0.26669710615904224,0.03864724412745056
2022-03-26 11:16:45,1.6min,4df8c10ded55421a939bc30a6eb6bd24,,LOCAL,C:/Users/Jana/Documents/skola/recommender_systems/CB-recommender/training.py,Jana,FINISHED,0.2167851031283901,0.7979743764681344,0.34935407975256844,0.15294835633501444,0.6405197526391543,0.37550472268522483,0.4630839908227933,0.5695640342266057,0.0853219452173555,0.14471174092766342,0.26100692129860864,0.038631939283033156
2022-03-26 11:58:24,2.2min,6cc02352f7f143ab927286ad478ef332,,LOCAL,C:/Users/Jana/Documents/skola/recommender_systems/CB-recommender/training.py,Jana,FINISHED,0.4863375909338904,0.4232648703058906,0.1735291671308108,0.3497229177619544,0.5338371540114263,0.2281453405278488,0.3331491458306194,0.332796055530938,0.18850952519145336,0.43581021116986973,0.587483706469223,0.03859051084112104
2022-03-26 12:49:29,1.6min,8911fa7be73647438707f9854d061bb9,,LOCAL,C:/Users/Jana/Documents/skola/recommender_systems/CB-recommender/training.py,Jana,FINISHED,0.5635600065092509,0.25493284390820964,0.05994414658576845,0.1870168547712503,0.12742434259845706,0.6009029507033091,0.6386382304383327,0.5219128084506829,0.17032719043747652,0.3884222673277553,0.4285024208734921,0.0379210207061732
2022-03-26 11:51:52,1.7min,06576cc6b4594acf80722c61aaaca78b,,LOCAL,C:/Users/Jana/Documents/skola/recommender_systems/CB-recommender/training.py,Jana,FINISHED,0.41881104633266814,0.38687104340603307,0.0924028138233014,0.22304525191495353,0.21256666907044547,0.23862777666724366,0.41986168975041344,0.44706716078457126,0.1516631794464195,0.6889303155807248,0.5235296122128184,0.037623671494954755
2022-03-25 17:53:19,2.0min,8e70cd89e4dc4ad98328838216d86bfe,,LOCAL,C:/Users/Jana/Documents/skola/recommender_systems/CB-recommender/training.py,Jana,FINISHED,0.15412047564521097,0.38794411781145305,0.158140180383128,0.4799873004869888,0.7978216706571795,0.47343434924561134,0.757682815249908,0.340440674981874,0.10818136838508838,0.6122454355449389,0.7729395477257032,0.03754468827819717
2022-03-26 11:34:31,1.7min,185bf2900560401eb632cb3ebaef8c91,,LOCAL,C:/Users/Jana/Documents/skola/recommender_systems/CB-recommender/training.py,Jana,FINISHED,0.12065398030988346,0.22937760660328427,0.2944671316741371,0.30157675147956925,0.10787055361088597,0.525218531505892,0.6848200663829442,0.41496866620243267,0.14198847971560252,0.4714239764285983,0.6952323578780244,0.03684054465217886
2022-03-25 17:21:52,2.0min,25dd997075f040b988f9ce1fcf41e9d4,,LOCAL,C:/Users/Jana/Documents/skola/recommender_systems/CB-recommender/training.py,Jana,FINISHED,0.4123465137568764,0.5625435382349795,0.26741235097272376,0.2588770111012597,0.6568374334819097,0.2310157941524808,0.5165915511150104,0.4838912798333849,0.21206584770779216,0.3733887359684861,0.5181764847734296,0.036346444343711246
2022-03-25 15:04:10,2.9min,91c5a9c8b18b41a5b74850eeaff57a25,,LOCAL,C:/Users/Jana/Documents/skola/recommender_systems/CB-recommender/training.py,Jana,FINISHED,0.46857390050581776,0.40814931009538447,0.78225749734709,0.32817719604794426,0.20406340548426655,0.42377956697740826,0.7694134654120811,0.2099628421973328,0.31237099910307775,0.10843825450679388,0.11287400469672013,0.0350785139743546
2022-03-25 17:14:55,1.7min,5f1fc23d24584970af649001a423532c,,LOCAL,C:/Users/Jana/Documents/skola/recommender_systems/CB-recommender/training.py,Jana,FINISHED,0.370193917791814,0.7898047894440096,0.2856439512940011,0.2789606822819473,0.6930655655497892,0.13904706616630017,0.5833588050354072,0.4273190831894804,0.05171331262655853,0.6753471729017229,0.6090964845881107,0.03479154241482489
2022-03-25 17:06:04,1.6min,2ad9677ffff64638a9abbf3fa1d5a497,,LOCAL,C:/Users/Jana/Documents/skola/recommender_systems/CB-recommender/training.py,Jana,FINISHED,0.16278473636349045,0.7637485881878132,0.1284977195005701,0.1571242761317064,0.7900490688632171,0.20788494715090788,0.4309214085204137,0.47468272932351835,0.06100169745629824,0.5853218593264123,0.6361446645493302,0.03479154241482489
2022-03-26 12:27:49,1.7min,4d0698eeabe24781b56a7e59a9ee9cc0,,LOCAL,C:/Users/Jana/Documents/skola/recommender_systems/CB-recommender/training.py,Jana,FINISHED,0.370186231306582,0.3270073814281534,0.1484454734836306,0.12480185755802316,0.7002374261107307,0.5501482385569334,0.521082324340946,0.5820181802790407,0.12270955073942011,0.20646502679996276,0.4100668024566719,0.03465220783410789
2022-03-26 11:09:52,1.8min,a8cf57dae2814d709e6e260c2ea6adb8,,LOCAL,C:/Users/Jana/Documents/skola/recommender_systems/CB-recommender/training.py,Jana,FINISHED,0.4819913849413152,0.43705334048249433,0.06915116893404971,0.37139435585549696,0.5203202674160967,0.3839626283826406,0.7706336331931107,0.5953135534566489,0.1090188072802889,0.5321981138403712,0.4825307516015234,0.03462552427780108
2022-03-25 14:58:34,1.8min,284dd71482ff4788bf634e8fa2e69750,,LOCAL,C:/Users/Jana/Documents/skola/recommender_systems/CB-recommender/training.py,Jana,FINISHED,0.6484332870434392,0.18565896624722775,0.11540971348120099,0.19732210233593966,0.22666201151460436,0.49093240740223276,0.5604013029509979,0.3376453512635188,0.19422790604757767,0.10621640183255901,0.28738457267867124,0.03395350446074577
2022-03-25 17:07:40,1.7min,a722e8607cea4b77b8b9e0eee4aa2684,,LOCAL,C:/Users/Jana/Documents/skola/recommender_systems/CB-recommender/training.py,Jana,FINISHED,0.1383778779002388,0.7025044445698283,0.1645321986236444,0.3248472309055343,0.7062634936116033,0.3369517729245564,0.6138609063905607,0.3937288869500923,0.09907052815868658,0.5094063681036503,0.5843931661106988,0.033607239570651856
2022-03-25 15:12:40,1.6min,8974917dcb2e4da2ace38029613875e8,,LOCAL,C:/Users/Jana/Documents/skola/recommender_systems/CB-recommender/training.py,Jana,FINISHED,0.5323983152595524,0.4050779945781252,0.6693311312109566,0.25507162048301757,0.40420524615883896,0.685730101180378,0.6583230920827802,0.4964915267902049,0.07175390267709562,0.4393777004776742,0.23059962221564304,0.03350333786078372
2022-03-25 11:46:05,2.4min,c5f1ba1c12014564b8e38bfc5f30432d,,LOCAL,C:/Users/Jana/Documents/skola/recommender_systems/CB-recommender/training.py,Jana,FINISHED,0.6259517917949202,0.15642810405161997,0.7065844521899028,0.47659061120093016,0.42543457993079803,0.3867018692402435,0.7698932625013696,0.37695828540324433,0.27530484315495934,0.2668623197722665,0.45756295528697544,0.033473933283196824
2022-03-26 11:06:28,1.7min,56c202a2d01f40ac91b09f4a3615beaf,,LOCAL,C:/Users/Jana/Documents/skola/recommender_systems/CB-recommender/training.py,Jana,FINISHED,0.4884318616450485,0.3474575484820779,0.23881536669505438,0.22293312490421893,0.3529903515717553,0.2888411270068801,0.5364519652674933,0.4619045500064675,0.11848767110268846,0.575662545772825,0.432164517245609,0.03344866120594582
2022-03-25 17:18:23,1.8min,94763d00b90e4aab989c3bf09bc18e1c,,LOCAL,C:/Users/Jana/Documents/skola/recommender_systems/CB-recommender/training.py,Jana,FINISHED,0.3151359207429592,0.7368175329469664,0.17387174548808448,0.3115397530283075,0.5630626378253456,0.3252472523659646,0.6741722455958309,0.4991529112840603,0.14861615512233925,0.43444136621990903,0.4332915771744448,0.033397570164491894
2022-03-25 17:34:03,2.0min,b46ed716b93f438a860f9a45d1203d2a,,LOCAL,C:/Users/Jana/Documents/skola/recommender_systems/CB-recommender/training.py,Jana,FINISHED,0.14699820817024806,0.4667546605549834,0.18837723903948939,0.18169027949700975,0.7328682237512405,0.29446854294288805,0.565285753728763,0.3560049741769462,0.12204027157650374,0.6399214515421123,0.4093177071743242,0.032801633875185345
2022-03-25 17:30:36,1.6min,324821d6a38244e794bfb1eb61e17ec6,,LOCAL,C:/Users/Jana/Documents/skola/recommender_systems/CB-recommender/training.py,Jana,FINISHED,0.22696293039173274,0.6044115484922581,0.23672106442237792,0.37233569721693116,0.34770942860261833,0.11417956761984313,0.48229413084334316,0.3123344267190752,0.09718544089350839,0.5449495325298717,0.6226007432445846,0.03251134853406276
2022-03-26 12:39:35,1.8min,c924ba7347ef4e8188a616b5ba4b167b,,LOCAL,C:/Users/Jana/Documents/skola/recommender_systems/CB-recommender/training.py,Jana,FINISHED,0.42089265643878104,0.34443684879088615,0.22316719029515145,0.10023916897965986,0.4866838927422225,0.10525471082875208,0.7620153899446545,0.4644582030218704,0.16244118393802026,0.6577428226406334,0.6755318281507046,0.03181098983831805
2022-03-26 12:37:42,1.9min,5a4e170dfeb344d5a28c655e4faad67b,,LOCAL,C:/Users/Jana/Documents/skola/recommender_systems/CB-recommender/training.py,Jana,FINISHED,0.6974880528444181,0.27313638380417143,0.309172058272023,0.3741970233728793,0.5475140927116995,0.29648229778262547,0.8449830521349151,0.3408834209448554,0.14794331198999489,0.23067680807264537,0.5724574951275119,0.031638782488350656
2022-03-25 11:35:52,10.2min,2e7f5c3a59c74481b84bc5743637cda0,,LOCAL,C:/Users/Jana/Documents/skola/recommender_systems/CB-recommender/training.py,Jana,FINISHED,0.5664396299830431,0.46282560141766615,0.40501696150374866,0.36887111891818813,0.6526424840890436,0.5465875949726897,0.414371200477346,0.2535889871561622,0.45180261421972145,0.4115548889488412,0.5769328262971065,0.031300479271985024
2022-03-25 16:33:05,2.2min,cc8f1784be53494b800b787d4581304c,,LOCAL,C:/Users/Jana/Documents/skola/recommender_systems/CB-recommender/training.py,Jana,FINISHED,0.32398381113323155,0.7223680196702926,0.13233146355874753,0.3787232714739791,0.6446680690547552,0.1626760534066244,0.6011791846449941,0.46211111617720435,0.19954245599565165,0.42314386323999265,0.7270288987433856,0.030579716858298724
2022-03-26 11:08:09,1.7min,cbf8451669f3467fb08d7bd719adda8f,,LOCAL,C:/Users/Jana/Documents/skola/recommender_systems/CB-recommender/training.py,Jana,FINISHED,0.3830670161304921,0.575971437593593,0.24004906806135806,0.48819955035698903,0.5830101110279541,0.2811993452618735,0.6259720360586476,0.5729575374799686,0.1910333759930235,0.37263559021218995,0.5867406605647818,0.030509858528710743
2022-03-26 12:22:22,1.5min,1466f16c90b04ebb820e8b5152ffe9f8,,LOCAL,C:/Users/Jana/Documents/skola/recommender_systems/CB-recommender/training.py,Jana,FINISHED,0.6693110797488562,0.2841481827349477,0.10530209516012268,0.19907131605617923,0.16762837476473375,0.7062198488503966,0.800592674747763,0.32507048314243553,0.018266512524390613,0.4103067996666711,0.6384682910780698,0.030359863595339875
2022-03-25 16:47:17,1.7min,986a06303d4a4b6eb462a6ec4207f5da,,LOCAL,C:/Users/Jana/Documents/skola/recommender_systems/CB-recommender/training.py,Jana,FINISHED,0.30662006308776374,0.523865080672987,0.18335038610553597,0.46160954448797364,0.5364001534944305,0.26590481698777013,0.4760335352831101,0.4173397288487476,0.11434138543190887,0.6285225062651189,0.5932791191063401,0.030100239308748535
2022-03-25 15:30:52,1.7min,462b5e53adc84f15b29de785eb08da08,,LOCAL,C:/Users/Jana/Documents/skola/recommender_systems/CB-recommender/training.py,Jana,FINISHED,0.22017863183135594,0.20742719045943386,0.7076345418852326,0.2566145283382264,0.500760282450598,0.3520579924521763,0.6890390630438494,0.2692245515769621,0.10958780264385076,0.577914776693893,0.18089121748713852,0.030095439945587617
2022-03-25 14:49:49,1.7min,32f73fa97fbb42c6b9744b49ab723734,,LOCAL,C:/Users/Jana/Documents/skola/recommender_systems/CB-recommender/training.py,Jana,FINISHED,0.15547362943541004,0.3607835120869014,0.39070035698301653,0.7261808263469447,0.14768682574285058,0.13476761343829716,0.7171183170313914,0.2532186555081315,0.15007313829802577,0.6183408148607493,0.11762116488884407,0.029993868750265457
2022-03-25 10:49:53,4.2min,ab5198cdca8b43129db707dfad2d685b,,LOCAL,C:/Users/Jana/Documents/skola/recommender_systems/CB-recommender/training.py,Jana,FINISHED,0.6764130475885377,0.25440911687129186,0.6392539014063366,0.2788554932950281,0.6618854690127732,0.6180505585137027,0.7061007827455518,0.2679916997187193,0.33178138418269804,0.7908734740062819,0.7226662250441729,0.029970882127625838
2022-03-25 12:24:12,1.7min,fa8a3fb520e446999447f715b142bf7d,,LOCAL,C:/Users/Jana/Documents/skola/recommender_systems/CB-recommender/training.py,Jana,FINISHED,0.3216733552517347,0.3190203849775973,0.6491794322153056,0.6727635331050708,0.37341722513019987,0.661653730672404,0.14127618011791543,0.49010577464654304,0.22539205207979252,0.41766374989320815,0.10239263996785769,0.02992541161786979
2022-03-25 15:21:43,2.3min,2315d62d5ef94d0788c9cdce0ec1145a,,LOCAL,C:/Users/Jana/Documents/skola/recommender_systems/CB-recommender/training.py,Jana,FINISHED,0.4938811020429063,0.41158285903766084,0.34726869539965355,0.41502020358900454,0.5383523839546802,0.45059591753162864,0.6186905232270953,0.24461841947251006,0.17101245220588887,0.24062794096039647,0.3443064593279007,0.029734072594959533
2022-03-25 17:36:02,1.6min,032b5e7880dc4f07b10a4f5b6e1b3ccc,,LOCAL,C:/Users/Jana/Documents/skola/recommender_systems/CB-recommender/training.py,Jana,FINISHED,0.12862821965448715,0.49850849199803104,0.11221776407094955,0.3391125492277006,0.5206944540725372,0.26032933396961333,0.31417719304026775,0.3697632609993027,0.07498972700031266,0.7745157965880085,0.47831262433398336,0.028278764266367364
2022-03-25 15:52:29,11.6min,a29202c4413d4c48b5fe186e317ccfe4,,LOCAL,C:/Users/Jana/Documents/skola/recommender_systems/CB-recommender/training.py,Jana,FINISHED,0.7993428355885727,0.3713348764214426,0.5791745204812094,0.40855919729043066,0.3687463012294823,0.7751083401478608,0.7391013915732666,0.05242879394524194,0.4030312170691991,0.10500709716097247,0.49982573310066636,0.026978508041778794
2022-03-25 17:32:15,1.8min,78a161b722e44f26a60b37a4914e5068,,LOCAL,C:/Users/Jana/Documents/skola/recommender_systems/CB-recommender/training.py,Jana,FINISHED,0.43602483796944963,0.6473649754603998,0.32429522121310883,0.4153778473921118,0.6291665455925824,0.429487565159612,0.6230694176678258,0.4299759949866715,0.12945916518938785,0.6799240668972039,0.5716042434270068,0.026584389081725703
2022-03-25 17:11:02,1.8min,ead55f2a11894d5eb6f9fcd61c05b644,,LOCAL,C:/Users/Jana/Documents/skola/recommender_systems/CB-recommender/training.py,Jana,FINISHED,0.20908685048900494,0.6577277527209527,0.12068855655357595,0.10810376450389919,0.6261820074496695,0.2738099200934132,0.5031493715136054,0.46581769796971284,0.11585111443528008,0.6060592465972112,0.6615822725012461,0.02602795105116857
2022-03-26 10:37:05,1.6min,0766ec3eb0ea43bb8a8aca214af7eea6,,LOCAL,C:/Users/Jana/Documents/skola/recommender_systems/CB-recommender/training.py,Jana,FINISHED,0.7139724277834341,0.25337247584917444,0.24419398488861682,0.5560453643957854,0.1671639210218288,0.3863011293274513,0.10237361193835473,0.3915776466729125,0.17722904474649342,0.49232206585850435,0.39349340425234036,0.025833928505974046
2022-03-25 16:35:14,1.7min,24754f275b4e47098a63bbeefc20d1de,,LOCAL,C:/Users/Jana/Documents/skola/recommender_systems/CB-recommender/training.py,Jana,FINISHED,0.2729923139571123,0.7132303776145665,0.6009850651798991,0.4338805506121535,0.49356647233334894,0.3813691837358182,0.6553345317432725,0.4356515236940597,0.1048040040621258,0.6609831127465354,0.5577757372662634,0.025656688853284575
2022-03-25 15:07:03,1.9min,b51878eaaca1495ea87c0285ca26c68b,,LOCAL,C:/Users/Jana/Documents/skola/recommender_systems/CB-recommender/training.py,Jana,FINISHED,0.6684666183604664,0.11679368980147559,0.7008795857063803,0.5052215600831049,0.25815726969984293,0.5237070260363802,0.4996084860400669,0.3157659423956224,0.2020087535629262,0.29675683940013065,0.2515430625657825,0.02531926978402364
2022-03-25 14:08:57,11.3min,0cba5efc62ce44c098654dd7e7fd212d,,LOCAL,C:/Users/Jana/Documents/skola/recommender_systems/CB-recommender/training.py,Jana,FINISHED,0.3941694200543848,0.6431540433334906,0.5924843707063582,0.440024362249527,0.7688864920597436,0.535997913761699,0.7045530199773926,0.06249014902973075,0.4239071303727279,0.7020048055659611,0.3041876144323208,0.025151894363563226
2022-03-25 13:53:48,4.3min,0d0296dd7c2743dca0715ab4f29f7cd2,,LOCAL,C:/Users/Jana/Documents/skola/recommender_systems/CB-recommender/training.py,Jana,FINISHED,0.7588369812762642,0.35846786961447574,0.623010516632196,0.5563330741087774,0.672701869676701,0.7475560883172772,0.7266701829989,0.2742785244105333,0.35316007625289436,0.6749903748889193,0.7525758477794989,0.02507340967233232
2022-03-25 13:50:22,3.4min,f0cde38009f64067a3b76c6850261767,,LOCAL,C:/Users/Jana/Documents/skola/recommender_systems/CB-recommender/training.py,Jana,FINISHED,0.14709488780948102,0.35739911702941596,0.45795601481518255,0.2865155263668364,0.36328226347297365,0.7933924653752537,0.34370271632072735,0.4468790275662246,0.4849796482422951,0.6934823333975796,0.6695834081881311,0.024680505789611305
2022-03-25 16:49:01,3.3min,14f147db0dcb4bffba6c959364c94a5f,,LOCAL,C:/Users/Jana/Documents/skola/recommender_systems/CB-recommender/training.py,Jana,FINISHED,0.16527479540675466,0.6807967825573503,0.22042076743312694,0.2960785942855247,0.5789978870131901,0.129235548235233,0.5519210137841496,0.4570555645822672,0.4741782077180412,0.5596815988481281,0.4855531238609249,0.02417151048880683
2022-03-25 17:44:45,1.7min,b057514099f74390ab0b995e3cc373be,,LOCAL,C:/Users/Jana/Documents/skola/recommender_systems/CB-recommender/training.py,Jana,FINISHED,0.32841317545386856,0.42365955778436704,0.17655611415132752,0.4027750461402904,0.42918376082685655,0.3188753120854257,0.544620433070977,0.4534083687406988,0.16130138743387573,0.5697544784390478,0.42217980099877367,0.023624947925845997
2022-03-25 16:52:17,3.2min,f179368712a5419dba26c923afb12d44,,LOCAL,C:/Users/Jana/Documents/skola/recommender_systems/CB-recommender/training.py,Jana,FINISHED,0.13825972785821128,0.614132813864649,0.3056584041224657,0.24068476390994636,0.6447669072389892,0.22404999557748315,0.32645072819426746,0.4776541293675296,0.45227099893762457,0.5250683068003631,0.5759311415430544,0.02347164614409015
2022-03-25 17:25:26,1.7min,f7deed9bf7644bafb5dc0cac2af7fb40,,LOCAL,C:/Users/Jana/Documents/skola/recommender_systems/CB-recommender/training.py,Jana,FINISHED,0.24987169681543564,0.7991908246451935,0.21525848368594044,0.27838048358609496,0.43314080792212734,0.4056515268426998,0.7180036532460652,0.44511904037969235,0.16820134878435966,0.6009205331125551,0.3830065985236466,0.023461420815338353
2022-03-25 16:27:18,1.7min,e63ed917bf1e44f794aefc72057cad7a,,LOCAL,C:/Users/Jana/Documents/skola/recommender_systems/CB-recommender/training.py,Jana,FINISHED,0.3737962084578473,0.14763896960318168,0.7495629257524353,0.17542266268517923,0.24003444200041155,0.4427235927088854,0.2500169242384387,0.35160438737860356,0.09204754212948942,0.7320436146698277,0.3551783434052993,0.022784695905431463
2022-03-25 11:52:05,1.6min,5fab650e026e4405b798ff23d36b896d,,LOCAL,C:/Users/Jana/Documents/skola/recommender_systems/CB-recommender/training.py,Jana,FINISHED,0.1605097576521872,0.6177936403684249,0.3291967341233659,0.13470016207883956,0.6469941689385753,0.5210547517693488,0.48630112268796877,0.4561241109532378,0.09538589974859045,0.2743793067745889,0.14755756698212383,0.02245228791041563
2022-03-25 10:16:19,2.9min,b9a8aa1e480340f6b4950be418c91d81,,LOCAL,C:/Users/Jana/Documents/skola/recommender_systems/CB-recommender/training.py,Jana,FINISHED,0.1307492748005531,0.780385887655801,0.30243389385404035,0.6742752143205626,0.1891224578722498,0.2470374294313742,0.14549754808666776,0.20392443126489695,0.12394359203928565,0.5100134937031763,0.5797208955847463,0.022060345169447663
2022-03-25 10:54:02,10.5min,5343780a61c74e5da013ab98d3a6839e,,LOCAL,C:/Users/Jana/Documents/skola/recommender_systems/CB-recommender/training.py,Jana,FINISHED,0.5691597768607106,0.2138086430204209,0.15201590922447097,0.20164959172070807,0.13975253838997068,0.7645691881634724,0.41599123126733284,0.09536069579657341,0.3744430139476197,0.1837720685268879,0.7842701770341574,0.02176952815847922
2022-03-25 17:16:36,1.8min,7b414951b3324f7c89056fd3cf218ad6,,LOCAL,C:/Users/Jana/Documents/skola/recommender_systems/CB-recommender/training.py,Jana,FINISHED,0.10050286863833235,0.6607176322332817,0.19949833552314764,0.12919839354905477,0.6599830576489636,0.19400749088207023,0.6998167803848949,0.37998606709408556,0.1366076917330224,0.4623165293762001,0.47859007105176227,0.02172685524949327
2022-03-25 11:08:32,1.7min,1d4173b47e044506864e23a9babe3739,,LOCAL,C:/Users/Jana/Documents/skola/recommender_systems/CB-recommender/training.py,Jana,FINISHED,0.46330955512607763,0.42054918248355466,0.5528224350337577,0.7700856049328566,0.7048698455533761,0.602083978662494,0.6269409942561929,0.4978492455699581,0.11924194195136818,0.6877378053392387,0.24186430839591488,0.02172685524949327
2022-03-25 16:10:05,11.2min,e232356756864b34ada173d4d5d36416,,LOCAL,C:/Users/Jana/Documents/skola/recommender_systems/CB-recommender/training.py,Jana,FINISHED,0.2619677211135617,0.44549871823968384,0.25815638882122877,0.6957839861504032,0.5635279494827644,0.2822616142741925,0.7654125757754472,0.07922978907472764,0.46872382417569874,0.21157645358434027,0.5598897500153031,0.020710317983644484
2022-03-25 17:57:48,3.4min,c2613092323f4497822bfd1922cff712,,LOCAL,C:/Users/Jana/Documents/skola/recommender_systems/CB-recommender/training.py,Jana,FINISHED,0.30240647131565057,0.5089464272660044,0.1361650899333346,0.6620163233599733,0.5047623285692131,0.12615344326971348,0.6359435822588342,0.44069113723308545,0.49921717377891506,0.48699718150292226,0.44923240807054043,0.020438846478366173
2022-03-25 18:12:14,4.6min,30cee0c1200a4648ad61b57c514eb41d,,LOCAL,C:/Users/Jana/Documents/skola/recommender_systems/CB-recommender/training.py,Jana,FINISHED,0.5783501276774722,0.7332425558439868,0.2735219073481936,0.16207790723254434,0.7510128874050739,0.10036786386533081,0.6476717690286232,0.24681686250524293,0.36082601617517085,0.5339889902549447,0.6113721527557963,0.019788549955224985
2022-03-26 11:01:39,1.5min,8eb10c1852af40509a944d9748f5aba0,,LOCAL,C:/Users/Jana/Documents/skola/recommender_systems/CB-recommender/training.py,Jana,FINISHED,0.2380241409264618,0.3250670203200792,0.21653698656603393,0.3549839867099672,0.7905860113458473,0.7389076933068135,0.45251813262079255,0.4706958424351093,0.0887389783230634,0.1376263439455691,0.5125719966513738,0.01978517153662812
2022-03-25 11:13:38,2.7min,e7b79737e3b144578e72a46dc5d852b6,,LOCAL,C:/Users/Jana/Documents/skola/recommender_systems/CB-recommender/training.py,Jana,FINISHED,0.18266634257091255,0.756019997612733,0.44929429841124735,0.25286239385925524,0.32830495583617597,0.41299247753238166,0.5644247611662842,0.4046279838363527,0.39665368804377515,0.15436450760309034,0.6613058496639402,0.019250240784240657
2022-03-25 16:44:06,3.2min,40a777aef9b8428dbfddb0fb8ed6df14,,LOCAL,C:/Users/Jana/Documents/skola/recommender_systems/CB-recommender/training.py,Jana,FINISHED,0.20858165312909885,0.7619134593375569,0.22419984601063575,0.11188497524821217,0.6116258966049709,0.3080693944746845,0.38494425637246643,0.3764401492016772,0.374894498782339,0.6540937873741675,0.6371503281770503,0.0188096114869351
2022-03-25 12:44:00,10.5min,e5d0727f76c54aabb55f53645cc33f89,,LOCAL,C:/Users/Jana/Documents/skola/recommender_systems/CB-recommender/training.py,Jana,FINISHED,0.5224866958272721,0.6806012290487558,0.5048868307982861,0.3897127712879966,0.39710742283319517,0.648308264898402,0.4213955827229973,0.18501377818424664,0.42579646310111674,0.543674046807629,0.514854174106694,0.018761146455908727
2022-03-25 14:30:52,11.0min,6c9ebadac4424587aff4766775a8538d,,LOCAL,C:/Users/Jana/Documents/skola/recommender_systems/CB-recommender/training.py,Jana,FINISHED,0.2967311018439932,0.6835424810988275,0.4688273649251805,0.6478672299778263,0.3747965990080856,0.6261858913680984,0.34234955397607436,0.13442585641329402,0.49067730903862866,0.12507541804316102,0.2107514264541478,0.01845391645088435
2022-03-25 18:10:24,1.8min,adca3c50a0444568a0d4e0bcb3cad6be,,LOCAL,C:/Users/Jana/Documents/skola/recommender_systems/CB-recommender/training.py,Jana,FINISHED,0.2542122045084747,0.6715612334010355,0.480668129231955,0.4269285011407104,0.3566157399177249,0.2217355924068944,0.4403555404724322,0.4904506417784209,0.19018307739983475,0.7875499673110362,0.6505820047017787,0.01818957485867236
2022-03-25 12:41:15,2.8min,4010ced98cac44798a359ef686b796ba,,LOCAL,C:/Users/Jana/Documents/skola/recommender_systems/CB-recommender/training.py,Jana,FINISHED,0.10734742603007455,0.35362882720112,0.7450044485783927,0.7236617270510706,0.31274960925461365,0.7392070220309173,0.5120379498881956,0.23802670409758783,0.25004165923963334,0.37174192880193774,0.3712909451510479,0.017171754339283883
2022-03-25 10:44:55,5.0min,04a204f42c754a1b868dee4b0152dad1,,LOCAL,C:/Users/Jana/Documents/skola/recommender_systems/CB-recommender/training.py,Jana,FINISHED,0.20968192789208204,0.5529050998879974,0.7467490531496643,0.28526354911358354,0.16325858076306546,0.668842780554107,0.6755727665027611,0.14624867139672715,0.2892473442622308,0.16735628155727564,0.3945761333482668,0.017035472502014738
2022-03-25 17:27:10,3.4min,adb9e56b71504202b6feda8af0f9aa94,,LOCAL,C:/Users/Jana/Documents/skola/recommender_systems/CB-recommender/training.py,Jana,FINISHED,0.3801496451704322,0.7446982621502977,0.14368055864969448,0.3503026547502901,0.39176188652973626,0.3595901098415051,0.5995588423740944,0.33094506628962683,0.3291513565424683,0.5239521131044348,0.7916619957938653,0.014941124567773509
2022-03-25 17:00:07,1.6min,68738efadf704f1cbad9cf633b5fc0f6,,LOCAL,C:/Users/Jana/Documents/skola/recommender_systems/CB-recommender/training.py,Jana,FINISHED,0.2894389070984138,0.5037725037794603,0.3254243480693011,0.4900031913633123,0.6954315194282391,0.15498252782906186,0.6356498442988803,0.36031653880839076,0.08531126262689825,0.6951827503346939,0.5316360239775406,0.014867036297479767
2022-03-25 11:53:39,3.8min,a427eb90765445398c65fbb85b409269,,LOCAL,C:/Users/Jana/Documents/skola/recommender_systems/CB-recommender/training.py,Jana,FINISHED,0.7466545800030174,0.6740671141183552,0.38532746393938844,0.5719078085647206,0.27086875371669455,0.6146225592396168,0.35008660487229104,0.31743677893864314,0.38558668882106883,0.7947848266566852,0.17333864269925864,0.014203164723929435
2022-03-25 14:25:25,3.3min,42f1e3f518ba49e9a077f01c58c17f6c,,LOCAL,C:/Users/Jana/Documents/skola/recommender_systems/CB-recommender/training.py,Jana,FINISHED,0.14268436120941677,0.48294192885629894,0.5234548631569309,0.22653578545032857,0.58680895890274,0.10925327963465883,0.5947554570360183,0.11137277627037546,0.12316835254229798,0.44760493294326287,0.5159002389784005,0.013633778326020838
2022-03-25 13:21:02,2.1min,8dc44541d81146928d77bfe095fed517,,LOCAL,C:/Users/Jana/Documents/skola/recommender_systems/CB-recommender/training.py,Jana,FINISHED,0.7665251365453409,0.3061553755445079,0.37821414093489847,0.4334461653705941,0.6051057021702412,0.6787185433009614,0.6471998749601959,0.1704143884367483,0.07071043156933246,0.7798299906118003,0.17501595034574347,0.013142439557499396
2022-03-25 15:19:53,1.8min,b04ec724e69f4a1980f4aa568e953ad4,,LOCAL,C:/Users/Jana/Documents/skola/recommender_systems/CB-recommender/training.py,Jana,FINISHED,0.5665138197150443,0.32049097550665484,0.4134042334201255,0.6291760300855274,0.3165748270488886,0.5181924443618328,0.6741207498927637,0.3823182850095175,0.21401891448273805,0.5277578601177916,0.10676221940423566,0.013104621316629424
2022-03-25 12:56:22,1.7min,adcc39feddfb496397aac1f26006fb86,,LOCAL,C:/Users/Jana/Documents/skola/recommender_systems/CB-recommender/training.py,Jana,FINISHED,0.40635260250798394,0.17401870741840314,0.4905252464690858,0.44721660524685425,0.22421396035682228,0.7026349293942348,0.3757806039912027,0.47535884738152,0.31046998879504234,0.5912653863587969,0.10497344114399432,0.012665687656463026
2022-03-25 16:55:30,2.1min,eaa91000e2d6431fad5034dd637ca1b6,,LOCAL,C:/Users/Jana/Documents/skola/recommender_systems/CB-recommender/training.py,Jana,FINISHED,0.10268507920363643,0.5576828700565923,0.10104865401754932,0.2020078318701757,0.7623043383907933,0.30381127333260566,0.5764804351111235,0.42558627556142026,0.15676079689238687,0.7976674924915239,0.6883377607357799,0.012216126658300066
2022-03-25 12:58:06,4.2min,8e458bdfc8b64ace8e8fa44ebbb10893,,LOCAL,C:/Users/Jana/Documents/skola/recommender_systems/CB-recommender/training.py,Jana,FINISHED,0.3075953848165798,0.5221223338233447,0.7615372592068428,0.628541685177429,0.5493958202832006,0.6467071127105535,0.2834692431563753,0.30567590985250215,0.49086345402071824,0.46307378883996425,0.1739253458817283,0.012090242285476593
2022-03-25 11:48:31,3.6min,93178e91d5db4cc58935ab75d4db0300,,LOCAL,C:/Users/Jana/Documents/skola/recommender_systems/CB-recommender/training.py,Jana,FINISHED,0.7850639780828997,0.5867169252101535,0.2523466335821406,0.507551522209961,0.27633342856675347,0.7631551919347611,0.23551394212768995,0.11604914221936194,0.10243614465634315,0.6546727432474979,0.7486698816166246,0.011778255485028737
2022-03-25 14:28:42,2.2min,cd97a0564c3e4688bb841da2f5475cc2,,LOCAL,C:/Users/Jana/Documents/skola/recommender_systems/CB-recommender/training.py,Jana,FINISHED,0.11677257911691012,0.17712442635309353,0.5171008774833993,0.13545884995610596,0.25990326952325987,0.29097453716291694,0.2926463411115576,0.43546920221650826,0.34220207199031144,0.3962705796364534,0.5523052225990794,0.011738189495778253
2022-03-25 12:25:54,10.9min,87470ddf7f274bc3b476c25f0ed2393b,,LOCAL,C:/Users/Jana/Documents/skola/recommender_systems/CB-recommender/training.py,Jana,FINISHED,0.4730354564571274,0.3869798990944367,0.7982078505391839,0.7922575624441045,0.5629787990129342,0.5475717992586541,0.10842107054865963,0.051138184643777895,0.4363956397618666,0.36010086833205085,0.22665990627140942,0.011686847740806782
2022-03-25 11:04:31,4.0min,67fd5c43638e42c68301bc9a48d432b2,,LOCAL,C:/Users/Jana/Documents/skola/recommender_systems/CB-recommender/training.py,Jana,FINISHED,0.2670101997453168,0.6032504807914555,0.7937061485729527,0.5902842805486475,0.4433421181341346,0.79078268732518,0.22109807899260359,0.11778669619549784,0.14928054825932757,0.623313716910926,0.7258690362565438,0.01146127968425897
2022-03-25 12:03:23,10.1min,edd42cef37684dd49c45ff7bd48cb07c,,LOCAL,C:/Users/Jana/Documents/skola/recommender_systems/CB-recommender/training.py,Jana,FINISHED,0.3676021637834088,0.40514587494086673,0.7757572017429827,0.6634599118089766,0.10933488836824262,0.47573240072175044,0.3035496243214516,0.16556384332861956,0.4896201333047008,0.3951659114103764,0.11488127106200383,0.01110401998320106
2022-03-25 17:50:03,3.3min,2bf7207baaa74a8fb79aa3d59f5b6a38,,LOCAL,C:/Users/Jana/Documents/skola/recommender_systems/CB-recommender/training.py,Jana,FINISHED,0.17246282279358177,0.5719491711272349,0.45426683717277505,0.18697625934630324,0.7765276602724533,0.2872098634924071,0.6806491961250241,0.29564034171693365,0.23632431942680487,0.3643774342849177,0.7197713572830476,0.009874544000656574
2022-03-25 14:51:30,2.2min,5490040cf07742bcb30df81c487d07a3,,LOCAL,C:/Users/Jana/Documents/skola/recommender_systems/CB-recommender/training.py,Jana,FINISHED,0.7002113674764248,0.48134800692837243,0.3127578484291331,0.3139088872569663,0.5868217021803483,0.10512801219369489,0.4901922218550063,0.17461348493355813,0.0869236904277636,0.5055102349104662,0.3921793838562363,0.009828647416727855
2022-03-25 13:39:02,11.3min,1d2842b114db4b94be8d778a0b7b3d60,,LOCAL,C:/Users/Jana/Documents/skola/recommender_systems/CB-recommender/training.py,Jana,FINISHED,0.295096901191123,0.6231687355762421,0.5625613440179063,0.40019575212161473,0.4440965854372624,0.33567591085266835,0.267083405484784,0.10402435461822349,0.37647801330015973,0.543943323025352,0.3719102724214922,0.009730920641933975
2022-03-25 16:21:16,2.6min,0c7e38204333467dacd1d1ca3701fbdc,,LOCAL,C:/Users/Jana/Documents/skola/recommender_systems/CB-recommender/training.py,Jana,FINISHED,0.7020180630421029,0.5837508669590116,0.6561737019696307,0.2253297608305968,0.14208245962916044,0.7989991699358991,0.10109825647732212,0.1487524777122863,0.13284309273239747,0.37967771404890016,0.27930968937531364,0.009258683649780405
2022-03-25 11:31:40,2.4min,45b9b3ab97124345a5372bb6483fd3bd,,LOCAL,C:/Users/Jana/Documents/skola/recommender_systems/CB-recommender/training.py,Jana,FINISHED,0.584641003797412,0.5831942229077942,0.37001234859695664,0.19427289650137913,0.7826781658728967,0.7118105245926426,0.6163282760429546,0.387607206705489,0.20717686009511949,0.565630321548519,0.4540416533892826,0.00856076203537386
2022-03-25 15:15:53,4.0min,9da065378b8d49bfb1dd8e4ff76bc814,,LOCAL,C:/Users/Jana/Documents/skola/recommender_systems/CB-recommender/training.py,Jana,FINISHED,0.7397385528510126,0.2526372100136688,0.24251369311398174,0.17651902726253674,0.7852887969785445,0.6667415108207599,0.1986944379013295,0.3021286794653409,0.2862163206516035,0.3071902176745068,0.33076503345043917,0.008523425279699525
2022-03-25 16:28:58,2.5min,61fd0c5c35f54481b44d8a5fdb04a64a,,LOCAL,C:/Users/Jana/Documents/skola/recommender_systems/CB-recommender/training.py,Jana,FINISHED,0.599219409519318,0.32897090398753276,0.3707675184921404,0.5804954802374731,0.18234468741482235,0.5482164103562491,0.46735373385905576,0.18507437217593498,0.16791229534823138,0.5823926961371537,0.13892847007035425,0.007929392315618572
2022-03-25 13:23:06,2.9min,0007584415c54b438ca98cf810a5434e,,LOCAL,C:/Users/Jana/Documents/skola/recommender_systems/CB-recommender/training.py,Jana,FINISHED,0.3029585480136559,0.619200196371002,0.4707541198203795,0.5822144615765791,0.31670266251697343,0.6764579051716311,0.28468359820900335,0.30483866515312275,0.2459749784287068,0.3432831067746551,0.7395668837744236,0.007284725315329544
2022-03-25 10:25:14,7.5min,25433a71863b4eb580238a5324108653,,LOCAL,C:/Users/Jana/Documents/skola/recommender_systems/CB-recommender/training.py,Jana,FINISHED,0.12550311934840444,0.7521695799005924,0.15321398087415444,0.37293431904199237,0.5239179414600912,0.28418353637610366,0.268891296581123,0.09801912872554316,0.22041103948502344,0.7549424053420886,0.15897811846778848,0.00727682992887448
2022-03-25 12:36:49,2.1min,2cfc2c2c7cd343bc95f0c44bd6b9ba89,,LOCAL,C:/Users/Jana/Documents/skola/recommender_systems/CB-recommender/training.py,Jana,FINISHED,0.33117349045536204,0.1100417127617226,0.717816248022582,0.3611020125127151,0.25251694800103,0.3329956392631784,0.372624976341749,0.32499586687335513,0.2553611793277284,0.5081316696007815,0.295761218292363,0.007071460470136329
2022-03-25 12:38:56,2.3min,9e6acf5d1b884a15ba0e830972f26353,,LOCAL,C:/Users/Jana/Documents/skola/recommender_systems/CB-recommender/training.py,Jana,FINISHED,0.7191101090165857,0.4922670785304579,0.6206185257462106,0.6199232456403649,0.10753177662632345,0.46200993277898617,0.2716153859616789,0.34942042965696996,0.3325750391067837,0.45776334276244596,0.17901946563003313,0.0069658419187418235
2022-03-25 16:23:54,3.4min,8707ec77be1c45319effec03fe76a43f,,LOCAL,C:/Users/Jana/Documents/skola/recommender_systems/CB-recommender/training.py,Jana,FINISHED,0.1885576170397541,0.5290593922697552,0.190298588924366,0.7791415931833442,0.7182582066123631,0.6000231577278083,0.37485856448133686,0.2824146296310757,0.341721488102231,0.4726520186827846,0.2299154304146085,0.006508634486433099
2022-03-25 12:00:32,2.8min,d22016bed168499b929d8640af179886,,LOCAL,C:/Users/Jana/Documents/skola/recommender_systems/CB-recommender/training.py,Jana,FINISHED,0.3733443322657155,0.11948065189489002,0.6840934224212177,0.7705163519459801,0.3546653954117869,0.3372258256562899,0.3245406935229848,0.2212953301098505,0.21774344062338946,0.4880025849314137,0.3348335187763787,0.006437155513572795
2022-03-25 14:43:35,2.5min,c80e7a7ab45c405f9762b15dd0375c2a,,LOCAL,C:/Users/Jana/Documents/skola/recommender_systems/CB-recommender/training.py,Jana,FINISHED,0.24542854638153572,0.6382359980664343,0.6317543469273077,0.22911612478722088,0.34401087999354274,0.47174987557355863,0.32308645702828503,0.28602176835816095,0.24221992210683585,0.7924800106046462,0.1571322673573582,0.006121970633374069
2022-03-25 11:57:29,3.1min,ad2863d4fffb447d90c52e59c8b7a13e,,LOCAL,C:/Users/Jana/Documents/skola/recommender_systems/CB-recommender/training.py,Jana,FINISHED,0.6385049902343337,0.32067144020220395,0.4324656473819357,0.302088833669394,0.1938738902608262,0.24760598046970056,0.5320779159423409,0.3433108724179216,0.29957351554630707,0.3073673887828299,0.6860524591483398,0.0058774408646337425
2022-03-25 14:46:08,3.7min,57fb575b230c48a7891cafafd1a81af9,,LOCAL,C:/Users/Jana/Documents/skola/recommender_systems/CB-recommender/training.py,Jana,FINISHED,0.7848448771079456,0.6560385001152147,0.3816392425582895,0.27938783744529233,0.13289150546212894,0.3893407073149533,0.730588504342372,0.22941864114965055,0.24513139133592443,0.7643730765805654,0.7734078207436625,0.0058203614839336835
2022-03-25 13:58:06,10.8min,47bf880a29a64da996b12d424523a726,,LOCAL,C:/Users/Jana/Documents/skola/recommender_systems/CB-recommender/training.py,Jana,FINISHED,0.7888730813083951,0.12742283526505804,0.5406070904265503,0.3878658559828517,0.1829428491925827,0.21757334505903592,0.7710648520124896,0.0632622424158394,0.23038002841604527,0.32128632338914775,0.20133959923927153,0.005625018359759685
2022-03-25 12:13:28,10.7min,d9772fefb4594bdf8259234825dd57c2,,LOCAL,C:/Users/Jana/Documents/skola/recommender_systems/CB-recommender/training.py,Jana,FINISHED,0.37607908281055435,0.5138831931707497,0.5148783596345179,0.6987641523684676,0.20550207484891717,0.1582596533510192,0.7723421549919348,0.06818019753723231,0.34664256950693795,0.48770418537074894,0.32574850361602686,0.0055868389371699825
2022-03-25 18:05:08,2.6min,bc2b83b45bad4ad1a213943953274e5d,,LOCAL,C:/Users/Jana/Documents/skola/recommender_systems/CB-recommender/training.py,Jana,FINISHED,0.4605770364813506,0.7578695943873784,0.4257047872198174,0.13067957133368024,0.7137216179000023,0.304903883196479,0.5899111739465261,0.4010143203152498,0.254715831666117,0.4296149175867421,0.5236673918223262,0.005583372608397854
2022-03-25 15:42:16,10.2min,df5c15c18ecb481cbdb673838e275a83,,LOCAL,C:/Users/Jana/Documents/skola/recommender_systems/CB-recommender/training.py,Jana,FINISHED,0.6285124969457299,0.25590490210684913,0.5542249649180804,0.5235345596546679,0.2794038516400551,0.5490724651664257,0.21145799777555743,0.1137762854096222,0.30750416987521256,0.35076853955957876,0.13228746073452702,0.005461694131908659
2022-03-25 14:20:13,3.5min,f970e3d5a376433faef089924a3e1879,,LOCAL,C:/Users/Jana/Documents/skola/recommender_systems/CB-recommender/training.py,Jana,FINISHED,0.4036780649930576,0.5758038514223313,0.4720574921213766,0.477087650790304,0.6409476291996198,0.3982774002723073,0.41466397720522075,0.13666694330612406,0.15393683554796367,0.2104521969089061,0.6518271750424764,0.005258648807789846
2022-03-25 15:26:29,4.4min,b4e79c20b3e64412a2d14e8abf429d44,,LOCAL,C:/Users/Jana/Documents/skola/recommender_systems/CB-recommender/training.py,Jana,FINISHED,0.6686518797846149,0.548442208684041,0.29408600050717476,0.2994289228531673,0.41544429954804074,0.24802206621855719,0.7503054510561877,0.2033095390012056,0.27619275708403446,0.48852448896768974,0.5147407503612691,0.005222760302643443
2022-03-25 16:04:04,3.0min,f48007ecc7ec4022b3491fdc9f30227f,,LOCAL,C:/Users/Jana/Documents/skola/recommender_systems/CB-recommender/training.py,Jana,FINISHED,0.4847576984389032,0.48159411114860445,0.5011287810483418,0.46047017270401835,0.3053770956629452,0.35862003680142296,0.403441708592823,0.2236785839371911,0.25971664185923066,0.28853850602969733,0.20129947235719708,0.004945124115162454
2022-03-26 12:20:12,2.2min,20e68c3bf0604fae9984def75f54c700,,LOCAL,C:/Users/Jana/Documents/skola/recommender_systems/CB-recommender/training.py,Jana,FINISHED,0.5091899646226042,0.4194755733725858,0.3148930415465579,0.26842655997504794,0.6255337807171211,0.2657311861134873,0.8842796171305488,0.3767777416717093,0.1742169140833661,0.6939462426215066,0.5724501677465907,0.004669543744195459
2022-03-25 16:57:34,2.6min,083ab7ae28eb4ad9bd13314c2b3cbb68,,LOCAL,C:/Users/Jana/Documents/skola/recommender_systems/CB-recommender/training.py,Jana,FINISHED,0.24689565982556883,0.7258046572175031,0.27019641965852087,0.3554456331135736,0.47567184241194505,0.18582815398737865,0.5033697973141178,0.39400382302334014,0.2577690111840575,0.4729753968789492,0.760269590182993,0.00459116374945534
2022-03-25 18:07:43,2.7min,60e2a3d8a18d4096b17355f6dd625598,,LOCAL,C:/Users/Jana/Documents/skola/recommender_systems/CB-recommender/training.py,Jana,FINISHED,0.3966230152629276,0.6906077488705348,0.6429874273863593,0.562773213762868,0.6711587022971334,0.5068648148751758,0.566088319736972,0.38492019226772967,0.2712497363609133,0.38670302729527706,0.49653759004113235,0.004180481698290343
2022-03-25 16:41:55,2.2min,c9940a4b6d0a43f6b65b40d13a489732,,LOCAL,C:/Users/Jana/Documents/skola/recommender_systems/CB-recommender/training.py,Jana,FINISHED,0.12337891116259535,0.6765300925370828,0.15023630290602125,0.23132270353549697,0.6081719415081488,0.1735908129835291,0.4416777996376736,0.4979464479452079,0.23110123247758635,0.7160058054485192,0.712841053692367,0.00411271536722387
2022-03-26 12:23:53,2.3min,5b0cc91c8dde4068843cebcc9cb28598,,LOCAL,C:/Users/Jana/Documents/skola/recommender_systems/CB-recommender/training.py,Jana,FINISHED,0.7537415019387044,0.4607970162462556,0.06761929832610147,0.45067094692080234,0.3726992800819555,0.31433986024399374,0.44049199018297147,0.3047475740339375,0.19994815252916714,0.45550955667869264,0.6699221265371454,0.003914217031991317
2022-03-25 10:39:17,5.6min,fd8d9b3f1bb54e8c812850a7d1c37878,,LOCAL,C:/Users/Jana/Documents/skola/recommender_systems/CB-recommender/training.py,Jana,FINISHED,0.258217566815381,0.6983339944933256,0.5813494085417018,0.41283797984644566,0.7879639107851987,0.5818568118780253,0.6468624462835554,0.3868420056656871,0.30178582715639946,0.5390934021235614,0.5074883852992605,0.0038915319130464815
2022-03-25 18:16:48,3.3min,785865c15c454c2887ee85c2011a7f61,,LOCAL,C:/Users/Jana/Documents/skola/recommender_systems/CB-recommender/training.py,Jana,FINISHED,0.20986133902827786,0.7999167653180457,0.29512838477970055,0.2383045331103884,0.5507689620756894,0.47303189290539127,0.7224801123893124,0.3645543340591637,0.4238755805585148,0.5072364627169644,0.33745376009854716,0.003814575102577512
